relative_path,sha256,bytes,submission_status
01_赛道二_遂见_待实名签字.zip,3d9bfa399af75900cefebbddab4395038d87df29e2e71c446547ac2d85be4843,2662156,conditionally_ready
02_赛道二_步步生典_待实名签字.zip,51656482bb5693bd6094b07283f0f259dbde743284a359eda45f9af6a0f0af51,3151317,conditionally_ready
03_赛道一_解围_禁止投稿_待真实SKU与品牌授权.zip,a6c7abe44e51de73f153fa81f9b0b4ba008dc39e442ef03ce1279cf7c8b27bde,2471740,blocked
CAD与模型备查/00_suijian_card_case_cad_model.zip,1a59e754e54f9a4ab7c6e8ef83d676823e8ec87311ccde5e04e85276dc18aa26,9594774,reference
CAD与模型备查/01_bubushengdian_stamp_kit_cad_model.zip,b077a448ea9ea9d7038c00b84c5a1cac3e6498e6646efaa363243e24bb9213e3,11339723,reference
CAD与模型备查/02_jiewei_giftbox_cad_model.zip,57b24334dd93c88660d8b5cfe9c7cbdca590e2a572400f0e1f85b119ce5bdc4e,14695731,reference
CAD与模型备查/和氏璧杯_CAD与模型详细说明书.docx,fbf6376db2f1de2e753b88f36ec7afa57cf9eb99079a0554c7c73cea4deca0a4,18893593,reference
CAD与模型备查/和氏璧杯_CAD与模型详细说明书.pdf,8ef2d0b078c3be61eab86990f24069c2a9277cbd575b13a99da5ccde80401117,1713294,reference
提交前总说明_请先阅读.txt,44d86f3a799f5a9170bf24a51d791ded51f465190c384dea6383d17f821c7956,1622,reference
