asset_id,path,asset_type,creator_or_source,license_or_basis,sha256,used_in
asset_001,01_research/fonts/InterVariable.ttf,font,Google Fonts,SIL OFL 1.1,29160a80ff49ddcab2c97711247e08b1fab27a484a329ce8b813d820dc559031,submission package
asset_002,01_research/fonts/NotoSansSC[wght].ttf,font,Google Fonts,SIL OFL 1.1,a3041811a78c361b1de50f953c805e0244951c21c5bd412f7232ef0d899af0da,submission package
asset_003,01_research/fonts/NotoSerifSC[wght].ttf,font,Google Fonts,SIL OFL 1.1,050080d9255a86808f2945bffac582b31ef32bc36411ce29563b4961670c66f9,submission package
asset_004,01_research/fonts/OFL-Inter.txt,font,Google Fonts,SIL OFL 1.1,5b9321a4298cfeb6b34354164a1c3afc3db114569984c502b9b35d988fd58c57,submission package
asset_005,01_research/fonts/OFL-NotoSansSC.txt,font,Google Fonts,SIL OFL 1.1,1c05c68c34f9708415aada51f17e1b0092d2cea709bf4a94cd38114f9e73d7d9,submission package
asset_006,01_research/fonts/OFL-NotoSerifSC.txt,font,Google Fonts,SIL OFL 1.1,5e0da210fb04058a8c0087985d2d456b931c2579811a49655721d3cf0c36b6d6,submission package
asset_007,02_identity/folding_map.svg,identity,Bubushengdian project,project original,3510692d0b07ca3221198ef8b126fea777405f821ac84a63253b783219ea0086,submission package
asset_008,02_identity/stamp_faces.svg,identity,Bubushengdian project,project original,64c8fbe5ac82aaefadc123419f3363fa80c1755b1ddc8e0d98c864fc0496e792,submission package
asset_009,02_identity/wordmark.svg,identity,Bubushengdian project,project original,67932fef673e03287b9904ea8b5f7e2afdd4b33850e74b96ecdaa540a78557d5,submission package
asset_010,02_identity/identity_manifest.json,identity,Bubushengdian project,project original,4fa23f5d7dd5911028d43a7d18bc28d8d6f87720c358ccb7dfea0e600b035881,submission package
asset_011,03_cad/bubushengdian_stamp_kit.FCStd,cad,Bubushengdian project,project original,afd99ea24d330ecffb9053fcabb56b6cde63556e38ab177c9af3d186c8445623,submission package
asset_012,03_cad/bubushengdian_stamp_kit.step,cad,Bubushengdian project,project original,4bf0f5272081675291806646b50dcf566801992f85154d9073a9f56db80980ff,submission package
asset_013,03_cad/meshes/inkpad_case.stl,cad,Bubushengdian project,project original,9d19138514028613a7d20f2981aff4ce7a5f89f3921997c7c8acccedd6263da3,submission package
asset_014,03_cad/meshes/map_proxy.stl,cad,Bubushengdian project,project original,eccdd72f8e10441288f386c8295cf480d05012bb4491f6b08af61c95e0b93777,submission package
asset_015,03_cad/meshes/outer_case.stl,cad,Bubushengdian project,project original,abb052b0a91c57294d0c49c167d57419a6fceb72ab8fac69fe432256ab572e80,submission package
asset_016,03_cad/meshes/stamp_01.stl,cad,Bubushengdian project,project original,4fc273226751bfd75d5fdf223d9a897531d23d1f430d36ceb9704d4ad7f2028d,submission package
asset_017,03_cad/meshes/stamp_02.stl,cad,Bubushengdian project,project original,4721dde29f0d939c98f07bd2cd5cc01c7cfd4916319dcecae4469e35f436cd3e,submission package
asset_018,03_cad/meshes/stamp_03.stl,cad,Bubushengdian project,project original,f053adb56adb6e74870b8e9c02e6d467f4c96c4734c0ba15234b61edc73a2180,submission package
asset_019,03_cad/meshes/stamp_04.stl,cad,Bubushengdian project,project original,8ab3c23b01408cab756005b1279393067a3047f4ba43e3b24a51fe34c3344fcb,submission package
asset_020,03_cad/meshes/stamp_05.stl,cad,Bubushengdian project,project original,1eaee6a76d4533d71cb2787470ba448231deb2d5597c68fba7db13a69fb5e223,submission package
asset_021,03_cad/meshes/stamp_06.stl,cad,Bubushengdian project,project original,fa2bbe308dda4217301d020bf63ce8a7af55f895eb836d2859595a3c1e50eb5e,submission package
asset_022,03_cad/meshes/stamp_tray.stl,cad,Bubushengdian project,project original,8ff36a08b3aae38e1d0d5862ed6e8864157dc90051372a4f245b3e2c5acabdad,submission package
asset_023,03_cad/cad_report.json,cad,Bubushengdian project,project original,3b110fd526f69e3d74c0e72dbe125f8b0c2ec28e2fbe51967a49d03180c5a28b,submission package
asset_024,04_renders/exploded.png,render,Bubushengdian project,project original,3a8a88d18ccb0bb16c8343bf513238804a2792b0efca7ed65cbd2a176afb3b1b,submission package
asset_025,04_renders/hero_closed.png,render,Bubushengdian project,project original,5453f1f2a6830ea7d9790bb237ca0bfb59e64fa314773a73d68e967942ff5d88,submission package
asset_026,04_renders/hero_open.png,render,Bubushengdian project,project original,72f241512ebf161eca611d0eee23eb17e0b4402fe44785eac96c494aaaf73e69,submission package
asset_027,04_renders/interaction_01.png,render,Bubushengdian project,project original,e558138f70b4d358b79de4ac866d98573cfd3da407801bbd05e2e7e803c61f77,submission package
asset_028,04_renders/interaction_02.png,render,Bubushengdian project,project original,bc2b7458619e3419d2f49ccda136cb39a77535bb740812ce8b5fd8034c5176d3,submission package
asset_029,04_renders/interaction_03.png,render,Bubushengdian project,project original,11ad909f90a0e39848a169605c2f87460badf2bf0a194ffe0fe67a45acf307d8,submission package
asset_030,04_renders/interaction_04.png,render,Bubushengdian project,project original,e7e7952998cd650b1314b63df5d2c64a3b34b3d0aa0f63af48e9cd0886ffa9ef,submission package
asset_031,04_renders/map_unfolded.png,render,Bubushengdian project,project original,fad8b18168defaf9124e972f0b3a81dfd75db727a84e1b31ef5640ebb5053a01,submission package
asset_032,04_renders/ortho_front.png,render,Bubushengdian project,project original,9ccaff344f032d2f95df86d249072b2ec4d44cb50debb65a087921d2a6f88cfd,submission package
asset_033,04_renders/ortho_top.png,render,Bubushengdian project,project original,c3ccc0180aa6c90870f1bbef187960787a9bdab91f6b2416a755695c0894ad4d,submission package
asset_034,04_renders/scale_view.png,render,Bubushengdian project,project original,727e0b726da5758ed04b377927e662ce5600b7eb813d51f74c8c6c80be0f6981,submission package
asset_035,04_renders/stamp_grid.png,render,Bubushengdian project,project original,edfda4382baa364d44ff17f38bede12295143356734119ff36006b5cffe77662,submission package
asset_036,04_renders/render_manifest.json,render,Bubushengdian project,project original,06583ca41d66a2d8e449b7c5d3d13c096a536596af9b41fc49c7dfd6a54aa8e0,submission package
asset_037,05_boards/src/board_01.svg,board_source,Bubushengdian project,project original,e89f32332a3e7f870f0e267e5d655dac673368609dac069820cbf70113f0ad5c,submission package
asset_038,05_boards/src/board_02.svg,board_source,Bubushengdian project,project original,75914b275a7f45466edce7255af82ddaa4c389a04ce38b3b95b45175e232fcfe,submission package
asset_039,05_boards/src/board_03.svg,board_source,Bubushengdian project,project original,573393febe3cc97dc6f91db7b1e492c0b4d71268cf3b0ec688261809a394a3f9,submission package
asset_040,05_boards/src/board_04.svg,board_source,Bubushengdian project,project original,3fc90b98f1633048b74fc47550ad2f15b91e8407ff82c0f71d3445946cf8ab70,submission package
asset_041,05_boards/src/board_05.svg,board_source,Bubushengdian project,project original,97ad0302bd54f5bb35cb712feba6d666935a08e5d9b9faa2e65f4d3759d8879d,submission package
asset_042,05_boards/src/board_06.svg,board_source,Bubushengdian project,project original,0fa09d8fe035d077f4491baf8548da175b7a7fe3d3d5a53f2bfa90c2c10811ea,submission package
asset_043,05_boards/src/board_07.svg,board_source,Bubushengdian project,project original,72220bb50c2a7e26bc458fea915cabf186c5edd795c133b2d42105820058986c,submission package
asset_044,05_boards/src/board_08.svg,board_source,Bubushengdian project,project original,3a7141d827852e96464b8b8f97317ca50ae034143b14f23f6cb0f0e361cee546,submission package
asset_045,05_boards/src/board_manifest.json,board_source,Bubushengdian project,project original,7a2d549af0fc845f3458d24be10da7c818cb7a026ba50334f0bec02eb7362ded,submission package
asset_046,05_boards/jpg/board_01.jpg,board_jpg,Bubushengdian project,project original,edab7471a6e5a06003e54b43f0d8e585e5b0c6f70e3ab912f1cee9c16b4715a2,submission package
asset_047,05_boards/jpg/board_02.jpg,board_jpg,Bubushengdian project,project original,9e47e48912e8fc875735ce8029579a5b039f7da484a1021701b7bdd42aa4d330,submission package
asset_048,05_boards/jpg/board_03.jpg,board_jpg,Bubushengdian project,project original,29ad35e37f885082ec49cb65212cdd75d3d8211891bb4159b79859c37edd8ca7,submission package
asset_049,05_boards/jpg/board_04.jpg,board_jpg,Bubushengdian project,project original,4da99b194367f6d30c5fad2676d1501c843ef8d49f210680d9830fcd6b06403a,submission package
asset_050,05_boards/jpg/board_05.jpg,board_jpg,Bubushengdian project,project original,f86dc724b208c33647e57503840fb7b684475b611a23757f48f4a8c645572bb9,submission package
asset_051,05_boards/jpg/board_06.jpg,board_jpg,Bubushengdian project,project original,2ee94fccc3742056de63d3a0065ffe9320c74bea08840f4345a098aeab65e148,submission package
asset_052,05_boards/jpg/board_07.jpg,board_jpg,Bubushengdian project,project original,a1a26d34575f17041c709c51a22e828255fba21d431f1fedd5d6f7d7804f6d7d,submission package
asset_053,05_boards/jpg/board_08.jpg,board_jpg,Bubushengdian project,project original,fbdc1ec429da6c5e89b06215bba2b4af12bee6ce00c236949295b2c220451760,submission package
asset_054,05_boards/contact_sheet.jpg,board_jpg,Bubushengdian project,project original,4a82065ef127bbb7dffafda4e590bacc79d2b5e2345e26b3a567248649edf982,submission package
asset_055,05_boards/pdf/board_01.pdf,board_pdf,Bubushengdian project,project original,8f0b9226c458688b08c7ab679a9b92c0b539ee0c0f2be77f0177106422a5fd8b,submission package
asset_056,05_boards/pdf/board_02.pdf,board_pdf,Bubushengdian project,project original,00e3bc1c49514ac0a0ff1b49220bbcdb71b7518f352744027fb825154fd5183e,submission package
asset_057,05_boards/pdf/board_03.pdf,board_pdf,Bubushengdian project,project original,43f8f41ffb581857fba4ba94097ac9b76971b5c057618d95cb90a6b5528ab120,submission package
asset_058,05_boards/pdf/board_04.pdf,board_pdf,Bubushengdian project,project original,e28285eba190eb494e0381add288f09898c581384d5632b0221cff5b83c37910,submission package
asset_059,05_boards/pdf/board_05.pdf,board_pdf,Bubushengdian project,project original,6b7685f61f744f38411f125aeed8fc4f005d21d4154ec643335d5bf98c46fba0,submission package
asset_060,05_boards/pdf/board_06.pdf,board_pdf,Bubushengdian project,project original,27617530332199a2a35e1de3adc44508d621cfee3d23372a3d97e683836e6570,submission package
asset_061,05_boards/pdf/board_07.pdf,board_pdf,Bubushengdian project,project original,b881c7b50c0cec1d7a81d9b91040a059f8a28190234c632a59300d24dbae1352,submission package
asset_062,05_boards/pdf/board_08.pdf,board_pdf,Bubushengdian project,project original,be2c1f3a08f63dbbe5ba3de531d161ff67404222f982ad6b5b0d3dc1f3fb20c1,submission package
asset_063,06_submission/materials_and_pricing.md,submission_text,Bubushengdian project,project original,8f4cc497a9ce0b91bdc0bab6711ce1b334f8e047cf8d6f0518cbeb10ca25f3c0,submission package
asset_064,06_submission/work_description.md,submission_text,Bubushengdian project,project original,f7d8e1d905a363d8b465228c420c56015ca5ac7e0cf689c009f35c5d45b381e8,submission package
ref_competition,https://www.zjideas.com/zjds/gycp/wcsj/32680.html,external_reference,public webpage,factual reference only; no embedded media,not-applicable-url-reference,competition requirements
ref_idiom,https://whly.hebei.gov.cn/c/2012-12-21/558082.html,external_reference,public webpage,factual reference only; no embedded media,not-applicable-url-reference,cultural fact
ref_route,https://whly.hebei.gov.cn/c/2025-05-19/580864.html,external_reference,public webpage,factual reference only; no embedded media,not-applicable-url-reference,cultural-tourism context
ref_holiday,https://whly.hebei.gov.cn/c/2024-10-10/578473.html,external_reference,public webpage,factual reference only; no embedded media,not-applicable-url-reference,holiday scenario context
