asset_id,path,asset_type,creator_or_source,license_or_basis,sha256,used_in
asset_001,01_research/fonts/InterVariable.ttf,font,Google Fonts,SIL OFL 1.1,29160a80ff49ddcab2c97711247e08b1fab27a484a329ce8b813d820dc559031,submission package
asset_002,01_research/fonts/NotoSansSC[wght].ttf,font,Google Fonts,SIL OFL 1.1,a3041811a78c361b1de50f953c805e0244951c21c5bd412f7232ef0d899af0da,submission package
asset_003,01_research/fonts/NotoSerifSC[wght].ttf,font,Google Fonts,SIL OFL 1.1,050080d9255a86808f2945bffac582b31ef32bc36411ce29563b4961670c66f9,submission package
asset_004,01_research/fonts/OFL-Inter.txt,font,Google Fonts,SIL OFL 1.1,5b9321a4298cfeb6b34354164a1c3afc3db114569984c502b9b35d988fd58c57,submission package
asset_005,01_research/fonts/OFL-NotoSansSC.txt,font,Google Fonts,SIL OFL 1.1,1c05c68c34f9708415aada51f17e1b0092d2cea709bf4a94cd38114f9e73d7d9,submission package
asset_006,01_research/fonts/OFL-NotoSerifSC.txt,font,Google Fonts,SIL OFL 1.1,5e0da210fb04058a8c0087985d2d456b931c2579811a49655721d3cf0c36b6d6,submission package
asset_007,02_identity/identity_card.svg,identity,Suijian project,project original,f0f0b1365650fd188a9a512994d1d7b674657ee1c0f71a3c89dab05e17bf7d1f,submission package
asset_008,02_identity/packaging_dieline.svg,identity,Suijian project,project original,fad93820db90b86229f48cf3d238ec62ffaba1941525040b4d74ec684b9f75b2,submission package
asset_009,02_identity/portfolio_cards.svg,identity,Suijian project,project original,e1e89933fac4147daa13056aac70dfb17a9ea149e1b02b40503ba9ee130c778d,submission package
asset_010,02_identity/wordmark.svg,identity,Suijian project,project original,829af7930b03ac25a53f35598d1cd9216c4a1a6f43ced20972bd5f6592f6319e,submission package
asset_011,02_identity/identity_manifest.json,identity,Suijian project,project original,34cd83a928b9888ce171bde18b73278f3d3824343bbe3096b4da7c7cfe50f6b7,submission package
asset_012,03_cad/suijian_card_case.FCStd,cad,Suijian project,project original,1649db7b724266375cbff21b1027772198bd5b6db052ba64e3c7baca3d35e0bd,submission package
asset_013,03_cad/suijian_card_case.step,cad,Suijian project,project original,4acb78f647ed030c9228995c283115b027cedc44a7219c87f993be4923b91128,submission package
asset_014,03_cad/meshes/card_proxy.stl,cad,Suijian project,project original,58be9cbf2d4643fe0d01da3640b97a78d465d95f405644df629e5032c562b799,submission package
asset_015,03_cad/meshes/gold_accent.stl,cad,Suijian project,project original,966603451bdcf01baa917fcddf70789a9542779d683bbad3d712061c4470384c,submission package
asset_016,03_cad/meshes/inner_tray.stl,cad,Suijian project,project original,947102a8e0c465883c15cdcabd911328e189cfcbb8cb6f0a950a0e8a0fd7c24d,submission package
asset_017,03_cad/meshes/lifter.stl,cad,Suijian project,project original,d3cb02dbc7ba1e462ad362a122c523984d5f4697aa2dfe7c5a803021be6589d5,submission package
asset_018,03_cad/meshes/outer_shell.stl,cad,Suijian project,project original,a0769442cdb12928fad7dbec0de94c7b080b369ad24ca686abde22fc60cfc76e,submission package
asset_019,03_cad/cad_report.json,cad,Suijian project,project original,7bdf8f8f1e04220ac37907f4c8b036c391f27a291fe51cb5f12fd043e4ff43af,submission package
asset_020,04_renders/detail_accent.png,render,Suijian project,project original,03a2edafc5137ed277704e99db52461ecfb9f0dff452945a38a5a7abb93db0bb,submission package
asset_021,04_renders/exploded.png,render,Suijian project,project original,6a36eea47543104ddeeb4d5300055108bcc62e5fa4e4ea12236dec73f174a26a,submission package
asset_022,04_renders/hero_closed.png,render,Suijian project,project original,863491a69e3ecd6bf2c8843c3b434c2ffcc1649ef963b4b2aeae2afd426ced1a,submission package
asset_023,04_renders/hero_open.png,render,Suijian project,project original,072b2e79b82280880b402616409a6207fdac7ebb3028e89d815d1baef730acab,submission package
asset_024,04_renders/interaction_01.png,render,Suijian project,project original,0a8754ea22f269ae119f5f25306b6c03c05612130bd2da36e8296a51e3b30395,submission package
asset_025,04_renders/interaction_02.png,render,Suijian project,project original,899ebd66e27364c42e2aa3127168e771abb32f3337bf43ae44b314f476ebc0db,submission package
asset_026,04_renders/interaction_03.png,render,Suijian project,project original,020a672a31fdb92ee86b1e7bca4968a1186d94040ac56e04682b549dd5a15130,submission package
asset_027,04_renders/packaging_hero.png,render,Suijian project,project original,a0916fd8aa29db14b5c8fe56f2f4c6a88dcff049b8430214279c805eaf56d2f8,submission package
asset_028,04_renders/scale_view.png,render,Suijian project,project original,a09b0456354caaaa5af50de8c0e4b2729f88cceb73649a52bb272e929fc589f1,submission package
asset_029,04_renders/render_manifest.json,render,Suijian project,project original,2ee7ea099dc867c1c9179a8471eb18acc3696d8823daaf8665b1a07a8f31cbef,submission package
asset_030,05_boards/src/board_01.svg,board_source,Suijian project,project original,06998dce8d613947453376128f3652ac9a432237370b1d7602425b7a6859d97e,submission package
asset_031,05_boards/src/board_02.svg,board_source,Suijian project,project original,2b3f42b05b5281510bdd2a1105dd1a6ee636f3c86c531e30d1249f935157a141,submission package
asset_032,05_boards/src/board_03.svg,board_source,Suijian project,project original,46620ffd7293bd86d6810be3f21293f31441a08010d41531e4a1614dddcaa00f,submission package
asset_033,05_boards/src/board_04.svg,board_source,Suijian project,project original,fd263ce1c35748ab9355f9d7a66cd3f2947df084dcb531484f3b9229411de4d3,submission package
asset_034,05_boards/src/board_05.svg,board_source,Suijian project,project original,f47872f2fe3a347e5f40248b607f3b82337bd69d224ee602aaafa0531450eecf,submission package
asset_035,05_boards/src/board_06.svg,board_source,Suijian project,project original,282ce324b6fe0111b07bf03112c454a08ecb6d7ad5996d93dcf9d741d6b08e03,submission package
asset_036,05_boards/src/board_07.svg,board_source,Suijian project,project original,5a3d8d67724c5075c83950e4a736b42681ec4c6be2dbc302b4844407bb287b67,submission package
asset_037,05_boards/src/board_manifest.json,board_source,Suijian project,project original,9734a1d9f193f2d6d725a8ea6a3261c4b28db497b0682341b6a089bcc215c167,submission package
asset_038,05_boards/jpg/board_01.jpg,board_jpg,Suijian project,project original,0eb4a83bf30cb002babd9d60d908211a979156581b7b94ea91c905f53a496e3a,submission package
asset_039,05_boards/jpg/board_02.jpg,board_jpg,Suijian project,project original,ee52a42580cf1de4284d8f3d053830522f3b81229e0047e21c7b921ece077c0d,submission package
asset_040,05_boards/jpg/board_03.jpg,board_jpg,Suijian project,project original,7e2e120a2f6120ebdba983aaf444a76c2b2cd621c5aba307b22db187224b7d59,submission package
asset_041,05_boards/jpg/board_04.jpg,board_jpg,Suijian project,project original,c9096c24160a8cb4be6d6b0e9b51ec27cf8ef62b0e047dab4851db40fcb9d167,submission package
asset_042,05_boards/jpg/board_05.jpg,board_jpg,Suijian project,project original,46bc9d20348d950b9c3caa5d6080d56874d3160de20639de21f9b0eefa696e4f,submission package
asset_043,05_boards/jpg/board_06.jpg,board_jpg,Suijian project,project original,bbe813613d5a927ce7428db9aa781c77d33bbda61bb2aa7d2b04a21fdc4a6005,submission package
asset_044,05_boards/jpg/board_07.jpg,board_jpg,Suijian project,project original,773205afd3d75f8a17f35ae6d267e4c4db8607d4609354fe71898f3506ed4da0,submission package
asset_045,05_boards/contact_sheet.jpg,board_jpg,Suijian project,project original,8d776d39f3082e7aa740b966dc1e426cd44cedab049feec99dc4006949272d74,submission package
asset_046,05_boards/pdf/board_01.pdf,board_pdf,Suijian project,project original,edd1e4d5e08fc04c971e48e98cb4531027947d0aef5e3c35a871140a37e9f97b,submission package
asset_047,05_boards/pdf/board_02.pdf,board_pdf,Suijian project,project original,25ccfc26bf6e1f1cac43f85b926f8b181a7d2bd04bb18c9d61d87af1b60147a5,submission package
asset_048,05_boards/pdf/board_03.pdf,board_pdf,Suijian project,project original,bd0a3098f5e272d5034cc8212b7675bb4ae84d549cb4ff0a051a34614f33b86b,submission package
asset_049,05_boards/pdf/board_04.pdf,board_pdf,Suijian project,project original,686018bc7e8b0e28021f475808b2e68675c95a2d650e2a3e009cc20b2394c4bc,submission package
asset_050,05_boards/pdf/board_05.pdf,board_pdf,Suijian project,project original,ece00e023c2daa01288cd919f9b479ed016b3ca3e6e77ab168c73aff8074bf31,submission package
asset_051,05_boards/pdf/board_06.pdf,board_pdf,Suijian project,project original,2faa2b7b15656805fbc720da28cf62ebd7b23aeaccc51c95c5c9f69a58fc3ab6,submission package
asset_052,05_boards/pdf/board_07.pdf,board_pdf,Suijian project,project original,1411bca5e2f8ed057af10b4873da73065e426382b30b26a61b0c835d3108a4b8,submission package
asset_053,06_submission/materials_and_pricing.md,submission_text,Suijian project,project original,7f028451d29850432a6330c54518379a8bcef195f0c89b049d3b686fcc19cff9,submission package
asset_054,06_submission/work_description.md,submission_text,Suijian project,project original,e5ff06b8e9ff39bda1f6c39fe3a0520497938f7ea0baa4d9d1f80ca13e4918f0,submission package
ref_competition,https://zjideas.com/zjds/gycp/wcsj/32680.html,external_reference,public webpage,factual reference only; no embedded media,not-applicable-url-reference,competition requirements
ref_maosui,https://whly.hebei.gov.cn/c/2012-12-21/558082.html,external_reference,public webpage,factual reference only; no embedded media,not-applicable-url-reference,cultural fact
ref_story_chain,https://www.ccdi.gov.cn/zlhjn/202008/t20200821_17288.html,external_reference,public webpage,factual reference only; no embedded media,not-applicable-url-reference,cultural fact
ref_market_context,https://whly.hebei.gov.cn/c/2025-05-19/580864.html,external_reference,public webpage,factual reference only; no embedded media,not-applicable-url-reference,context only
ref_award_context,https://www.shejijingsai.com/2025/09/1433609.html,external_reference,public webpage,factual reference only; no embedded media,not-applicable-url-reference,context only
